depth_m,T_C,Rw_lo,Rw_hi,Rw_mid
846.8868,32.87217,0.14961472284742328,0.1555673441110651,0.1525910334792442
847.8868,32.89717,0.1495459625043542,0.1554958480460533,0.15252090527520373
848.8868,32.92217,0.14947726533438452,0.1554244176675669,0.1524508415009757
849.8868,32.94717,0.14940863125049442,0.15535305288512388,0.15238084206780916
850.8868,32.97217,0.1493400601658238,0.1552817536084083,0.15231090688711604
851.8868,32.99717,0.149271551993672,0.15521051974727,0.152241035870471
852.8868,33.02217,0.14920310664749736,0.15513935121172415,0.15217122892961077
853.8868,33.04717,0.1491347240409169,0.15506824791195087,0.1521014859764339
854.8868,33.07217,0.1490664040877059,0.15499720975829492,0.15203180692300042
855.8868,33.09717,0.1489981467017976,0.15492623666126523,0.1519621916815314
856.8868,33.12217,0.14892995179728272,0.15485532853153455,0.15189264016440862
857.8868,33.14717,0.14886181928840928,0.1547844852799391,0.1518231522841742
858.8868,33.17217,0.14879374908958218,0.15471370681747823,0.1517537279535302
859.8868,33.19717,0.14872574111536266,0.154642993055314,0.15168436708533833
860.8868,33.22217,0.14865779528046827,0.15457234390477076,0.1516150695926195
861.8868,33.24717,0.14858991149977216,0.1545017592773349,0.15154583538855354
862.8868,33.27217,0.14852208968830305,0.15443123908465428,0.15147666438647867
863.8868,33.29717,0.14845432976124462,0.15436078323853822,0.1514075564998914
864.8868,33.32217,0.14838663163393534,0.1542903916509567,0.15133851164244602
865.8868,33.34717,0.148318995221868,0.15422006423404033,0.15126952972795416
866.8868,33.37217,0.14825142044068937,0.15414980090007976,0.15120061067038457
867.8868,33.39717,0.1481839072061999,0.15407960156152548,0.15113175438386267
868.8868,33.42217,0.1481164554343534,0.15400946613098734,0.15106296078267037
869.8868,33.44717,0.14804906504125656,0.1539393945212343,0.15099422978124544
870.8868,33.47217,0.14798173594316874,0.15386938664519392,0.15092556129418133
871.8868,33.49717,0.1479144680565015,0.15379944241595214,0.15085695523622683
872.8868,33.52217,0.14784726129781833,0.15372956174675279,0.15078841152228556
873.8868,33.54717,0.1477801155838344,0.15365974455099743,0.1507199300674159
874.8868,33.57217,0.14771303083141596,0.15358999074224478,0.15065151078683037
875.8868,33.59717,0.14764600695758026,0.1535203002342104,0.15058315359589533
876.8868,33.62217,0.14757904387949497,0.15345067294076647,0.15051485841013074
877.8868,33.64717,0.14751214151447808,0.15338110877594135,0.15044662514520973
878.8868,33.67217,0.14744529977999743,0.15331160765391916,0.1503784537169583
879.8868,33.69717,0.14737851859367032,0.15324216948903957,0.15031034404135496
880.8868,33.72217,0.14731179787326326,0.15317279419579727,0.15024229603453026
881.8868,33.74717,0.1472451375366916,0.1531034816888418,0.1501743096127667
882.8868,33.77217,0.1471785375020192,0.15303423188297707,0.15010638469249815
883.8868,33.79717,0.14711199768745817,0.15296504469316113,0.15003852119030964
884.8868,33.82217,0.14704551801136834,0.1528959200345057,0.14997071902293702
885.8868,33.84717,0.14697909839225712,0.1528268578222758,0.14990297810726647
886.8868,33.87217,0.14691273874877908,0.15275785797188968,0.14983529836033438
887.8868,33.89717,0.14684643899973557,0.15268892039891802,0.1497676796993268
888.8868,33.92217,0.14678019906407455,0.15262004501908405,0.1497001220415793
889.8868,33.94717,0.14671401886089014,0.15255123174826288,0.1496326253045765
890.8868,33.97217,0.1466478983094222,0.15248248050248134,0.14956518940595176
891.8868,33.99717,0.14658183732905627,0.15241379119791748,0.14949781426348688
892.8868,34.02217,0.14651583583932296,0.1523451637509004,0.1494304997951117
893.8868,34.04717,0.14644989375989778,0.1522765980779098,0.1493632459189038
894.8868,34.07217,0.14638401101060083,0.1522080940955757,0.14929605255308825
895.8868,34.09717,0.14631818751139639,0.15213965172067806,0.14922891961603724
896.8868,34.12217,0.1462524231823926,0.15207127087014638,0.1491618470262695
897.8868,34.14717,0.1461867179438412,0.15200295146105955,0.14909483470245039
898.8868,34.17217,0.1461210717161372,0.1519346934106454,0.14902788256339128
899.8868,34.19717,0.1460554844198185,0.15186649663628027,0.1489609905280494
900.8868,34.22217,0.1459899559755656,0.15179836105548886,0.14889415851552723
901.8868,34.24717,0.1459244863042013,0.15173028658594384,0.14882738644507257
902.8868,34.27217,0.14585907532669037,0.15166227314546538,0.14876067423607786
903.8868,34.29717,0.14579372296413926,0.15159432065202105,0.14869402180808017
904.8868,34.32217,0.14572842913779563,0.15152642902372535,0.1486274290807605
905.8868,34.34717,0.14566319376904832,0.15145859817883933,0.14856089597394384
906.8868,34.37217,0.14559801677942671,0.15139082803577042,0.14849442240759858
907.8868,34.39717,0.14553289809060066,0.15132311851307192,0.14842800830183628
908.8868,34.42217,0.14546783762438012,0.15125546952944297,0.14836165357691156
909.8868,34.44717,0.14540283530271472,0.1511878810037278,0.14829535815322126
910.8868,34.47217,0.14533789104769357,0.15112035285491576,0.14822912195130467
911.8868,34.49717,0.1452730047815449,0.1510528850021408,0.14816294489184284
912.8868,34.52217,0.14520817642663575,0.15098547736468132,0.14809682689565853
913.8868,34.54717,0.14514340590547178,0.15091812986195965,0.14803076788371572
914.8868,34.57217,0.14507869314069674,0.15085084241354185,0.1479647677771193
915.8868,34.59717,0.1450140380550923,0.1507836149391374,0.14789882649711483
916.8868,34.62217,0.14494944057157771,0.15071644735859877,0.14783294396508823
917.8868,34.64717,0.14488490061320955,0.15064933959192117,0.14776712010256537
918.8868,34.67217,0.14482041810318136,0.1505822915592424,0.14770135483121188
919.8868,34.69717,0.14475599296482333,0.1505153031808422,0.14763564807283275
920.8868,34.72217,0.14469162512160205,0.15044837437714215,0.1475699997493721
921.8868,34.74717,0.14462731449712016,0.15038150506870532,0.14750440978291274
922.8868,34.77217,0.144563061015116,0.15031469517623594,0.14743887809567596
923.8868,34.79717,0.14449886459946354,0.15024794462057914,0.14737340461002135
924.8868,34.82217,0.14443472517417177,0.1501812533227205,0.14730798924844613
925.8868,34.84717,0.14437064266338454,0.1501146212037859,0.14724263193358522
926.8868,34.87217,0.14430661699138037,0.15004804818504114,0.14717733258821075
927.8868,34.89717,0.1442426480825719,0.1499815341878915,0.14711209113523172
928.8868,34.92217,0.14417873586150587,0.14991507913388177,0.14704690749769384
929.8868,34.94717,0.14411488025286265,0.14984868294469553,0.1469817815987791
930.8868,34.97217,0.14405108118145596,0.1497823455421552,0.14691671336180556
931.8868,34.99717,0.1439873385722326,0.14971606684822142,0.14685170271022702
932.8868,35.02217,0.14392365235027213,0.14964984678499302,0.14678674956763257
933.8868,35.04717,0.14386002244078672,0.14958368527470658,0.14672185385774666
934.8868,35.07217,0.1437964487691206,0.14951758223973607,0.14665701550442833
935.8868,35.09717,0.14373293126074999,0.14945153760259267,0.14659223443167133
936.8868,35.12217,0.1436694698412827,0.1493855512859244,0.14652751056360355
937.8868,35.14717,0.14360606443645785,0.14931962321251582,0.14646284382448682
938.8868,35.17217,0.1435427149721456,0.14925375330528776,0.14639823413871667
939.8868,35.19717,0.14347942137434694,0.14918794148729697,0.14633368143082195
940.8868,35.22217,0.14341618356919317,0.1491221876817359,0.14626918562546454
941.8868,35.24717,0.14335300148294589,0.1490564918119323,0.1462047466474391
942.8868,35.27217,0.14328987504199647,0.14899085380134897,0.14614036442167272
943.8868,35.29717,0.14322680417286604,0.1489252735735835,0.1460760388732248
944.8868,35.32217,0.14316378880220487,0.14885975105236793,0.1460117699272864
945.8868,35.34717,0.14310082885679237,0.14879428616156845,0.14594755750918043
946.8868,35.37217,0.14303792426353668,0.14872887882518515,0.1458834015443609
947.8868,35.39717,0.1429750749494743,0.1486635289673516,0.14581930195841297
948.8868,35.42217,0.1429122808417701,0.1485982365123348,0.14575525867705247
949.8868,35.44717,0.14284954186771673,0.14853300138453465,0.1456912716261257
950.8868,35.47217,0.14278685795473442,0.1484678235084837,0.14562734073160905
951.8868,35.49717,0.14272422903037085,0.14840270280884701,0.14556346591960895
952.8868,35.52217,0.14266165502230063,0.14833763921042165,0.14549964711636115
953.8868,35.54717,0.14259913585832534,0.14827263263813664,0.145435884248231
954.8868,35.57217,0.14253667146637286,0.14820768301705245,0.14537217724171264
955.8868,35.59717,0.14247426177449743,0.1481427902723608,0.1453085260234291
956.8868,35.62217,0.1424119067108792,0.14807795432938436,0.14524493052013177
957.8868,35.64717,0.14234960620382395,0.14801317511357656,0.14518139065870025
958.8868,35.67217,0.14228736018176294,0.14794845255052116,0.14511790636614205
959.8868,35.69717,0.14222516857325251,0.147883786565932,0.14505447756959228
960.8868,35.72217,0.14216303130697389,0.14781917708565281,0.14499110419631334
961.8868,35.74717,0.1421009483117328,0.14775462403565678,0.14492778617369478
962.8868,35.77217,0.14203891951645942,0.1476901273420464,0.1448645234292529
963.8868,35.79717,0.14197694485020781,0.14762568693105313,0.14480131589063047
964.8868,35.82217,0.1419150242421559,0.1475613027290371,0.1447381634855965
965.8868,35.84717,0.14185315762160508,0.14749697466248693,0.144675066142046
966.8868,35.87217,0.14179134491797996,0.14743270265801922,0.1446120237879996
967.8868,35.89717,0.1417295860608281,0.14736848664237853,0.14454903635160332
968.8868,35.92217,0.14166788097981983,0.147304326542437,0.14448610376112841
969.8868,35.94717,0.14160622960474784,0.14724022228519404,0.14442322594497092
970.8868,35.97217,0.14154463186552693,0.14717617379777603,0.14436040283165147
971.8868,35.99717,0.14148308769219392,0.1471121810074362,0.14429763434981507
972.8868,36.02217,0.14142159701490714,0.14704824384155413,0.14423492042823063
973.8868,36.04717,0.14136015976394636,0.1469843622276357,0.14417226099579103
974.8868,36.07217,0.14129877586971243,0.14692053609331263,0.14410965598151254
975.8868,36.09717,0.141237445262727,0.14685676536634232,0.14404710531453466
976.8868,36.12217,0.14117616787363235,0.14679304997460751,0.14398460892411993
977.8868,36.14717,0.14111494363319102,0.1467293898461161,0.14392216673965358
978.8868,36.17217,0.1410537724722857,0.1466657849090008,0.14385977869064326
979.8868,36.19717,0.14099265432191876,0.14660223509151887,0.14379744470671882
980.8868,36.22217,0.14093158911321216,0.14653874032205183,0.14373516471763198
981.8868,36.24717,0.14087057677740714,0.14647530052910523,0.1436729386532562
982.8868,36.27217,0.1408096172458639,0.14641191564130843,0.14361076644358617
983.8868,36.29717,0.14074871045006151,0.14634858558741423,0.14354864801873787
984.8868,36.32217,0.14068785632159744,0.14628531029629863,0.14348658330894803
985.8868,36.34717,0.14062705479218746,0.14622208969696063,0.14342457224457406
986.8868,36.37217,0.14056630579366527,0.14615892371852188,0.14336261475609358
987.8868,36.39717,0.14050560925798242,0.14609581229022645,0.14330071077410445
988.8868,36.42217,0.14044496511720783,0.14603275534144058,0.1432388602293242
989.8868,36.44717,0.1403843733035277,0.14596975280165242,0.14317706305259006
990.8868,36.47217,0.14032383374924523,0.14590680460047176,0.14311531917485848
991.8868,36.49717,0.14026334638678029,0.14584391066762964,0.14305362852720496
992.8868,36.52217,0.14020291114866923,0.14578107093297837,0.1429919910408238
993.8868,36.54717,0.14014252796756468,0.145718285326491,0.14293040664702783
994.8868,36.57217,0.14008219677623518,0.14565555377826125,0.14286887527724823
995.8868,36.59717,0.14002191750756504,0.14559287621850306,0.14280739686303406
996.8868,36.62217,0.13996169009455398,0.14553025257755053,0.14274597133605227
997.8868,36.64717,0.13990151447031698,0.1454676827858575,0.14268459862808724
998.8868,36.67217,0.13984139056808403,0.14540516677399742,0.14262327867104074
999.8868,36.69717,0.13978131832119983,0.145342704472663,0.14256201139693142
1000.8868,36.72217,0.13972129766312355,0.14528029581266602,0.14250079673789479
1001.8868,36.74717,0.13966132852742857,0.14521794072493702,0.1424396346261828
1002.8868,36.77217,0.13960141084780234,0.14515563914052504,0.1423785249941637
1003.8868,36.79717,0.139541544558046,0.14509339099059748,0.14231746777432175
1004.8868,36.82217,0.1394817295920742,0.14503119620643967,0.14225646289925692
1005.8868,36.84717,0.13942196588391487,0.14496905471945476,0.1421955103016848
1006.8868,36.87217,0.139362253367709,0.14490696646116344,0.14213460991443622
1007.8868,36.89717,0.13930259197771025,0.14484493136320356,0.1420737616704569
1008.8868,36.92217,0.1392429816482849,0.1447829493573301,0.1420129655028075
1009.8868,36.94717,0.13918342231391154,0.14472102037541476,0.14195222134466315
1010.8868,36.97217,0.13912391390918075,0.14465914434944574,0.14189152912931324
1011.8868,36.99717,0.13906445636879497,0.1445973212115275,0.14183088879016123
1012.8868,37.02217,0.13900504962756818,0.14453555089388054,0.14177030026072435
1013.8868,37.04717,0.13894569362042575,0.14447383332884117,0.14170976347463346
1014.8868,37.07217,0.1388863882824041,0.14441216844886112,0.14164927836563262
1015.8868,37.09717,0.1388271335486506,0.14435055618650747,0.14158884486757903
1016.8868,37.12217,0.13876792935442311,0.1442889964744623,0.1415284629144427
1017.8868,37.14717,0.13870877563509,0.1442274892455225,0.14146813244030626
1018.8868,37.17217,0.13864967232612976,0.14416603443259945,0.14140785337936462
1019.8868,37.19717,0.13859061936313083,0.14410463196871892,0.14134762566592488
1020.8868,37.22217,0.13853161668179126,0.14404328178702064,0.14128744923440595
1021.8868,37.24717,0.13847266421791862,0.14398198382075816,0.1412273240193384
1022.8868,37.27217,0.13841376190742968,0.14392073800329866,0.14116724995536417
1023.8868,37.29717,0.13835490968635022,0.14385954426812259,0.1411072269772364
1024.8868,37.32217,0.1382961074908148,0.1437984025488235,0.14104725501981916
1025.8868,37.34717,0.13823735525706643,0.1437373127791078,0.1409873340180871
1026.8868,37.37217,0.13817865292145648,0.1436762748927945,0.1409274639071255
1027.8868,37.39717,0.13812000042044434,0.14361528882381494,0.14086764462212964
1028.8868,37.42217,0.1380613976905973,0.14355435450621268,0.140807876098405
1029.8868,37.44717,0.13800284466859022,0.14349347187414307,0.14074815827136666
1030.8868,37.47217,0.13794434129120536,0.14343264086187316,0.14068849107653925
1031.8868,37.49717,0.1378858874953321,0.14337186140378141,0.14062887444955674
1032.8868,37.52217,0.13782748321796676,0.14331113343435745,0.1405693083261621
1033.8868,37.54717,0.13776912839621241,0.14325045688820193,0.14050979264220717
1034.8868,37.57217,0.13771082296727852,0.14318983170002608,0.14045032733365231
1035.8868,37.59717,0.13765256686848087,0.14312925780465172,0.1403909123365663
1036.8868,37.62217,0.13759436003724124,0.14306873513701088,0.14033154758712607
1037.8868,37.64717,0.13753620241108713,0.14300826363214553,0.14027223302161634
1038.8868,37.67217,0.1374780939276518,0.14294784322520754,0.14021296857642968
1039.8868,37.69717,0.13742003452467375,0.14288747385145828,0.14015375418806603
1040.8868,37.72217,0.1373620241399966,0.14282715544626834,0.14009458979313247
1041.8868,37.74717,0.13730406271156886,0.14276688794511755,0.1400354753283432
1042.8868,37.77217,0.13724615017744385,0.14270667128359446,0.13997641073051914
1043.8868,37.79717,0.13718828647577921,0.14264650539739637,0.1399173959365878
1044.8868,37.82217,0.13713047154483698,0.14258639022232886,0.1398584308835829
1045.8868,37.84717,0.13707270532298307,0.14252632569430573,0.1397995155086444
1046.8868,37.87217,0.13701498774868734,0.14246631174934873,0.13974064974901804
1047.8868,37.89717,0.1369573187605231,0.14240634832358728,0.1396818335420552
1048.8868,37.92217,0.13689969829716722,0.1423464353532584,0.1396230668252128
1049.8868,37.94717,0.13684212629739956,0.1422865727747062,0.13956434953605287
1050.8868,37.97217,0.13678460270010295,0.1422267605243819,0.13950568161224242
1051.8868,37.99717,0.13672712744426302,0.14216699853884363,0.13944706299155332
1052.8868,38.02217,0.13666970046896781,0.1421072867547559,0.13938849361186184
1053.8868,38.04717,0.13661232171340773,0.1420476251088898,0.13932997341114878
1054.8868,38.07217,0.13655499111687525,0.1419880135381224,0.13927150232749883
1055.8868,38.09717,0.13649770861876465,0.14192845197943676,0.1392130802991007
1056.8868,38.12217,0.1364404741585719,0.14186894036992162,0.13915470726424678
1057.8868,38.14717,0.13638328767589444,0.14180947864677115,0.1390963831613328
