z13_m,a16_tvd_m,shift_m,prom13,prom16,rasio_prom,grade,a16_md_m
863.5,926.0,62.5,51.87,60.53,1.17,A,1891.21
880.5,944.5,64.0,13.52,9.45,0.7,A,2025.12
888.5,,,9.58,,,tanpa pasangan,
903.5,,,57.7,,,tanpa pasangan,
908.0,974.0,66.0,14.21,14.54,1.02,B,2227.62
922.5,984.5,62.0,14.72,10.29,0.7,A,2301.97
929.5,,,34.58,,,tanpa pasangan,
933.5,1001.0,67.5,9.32,9.2,0.99,B,2418.49
936.0,998.5,62.5,25.12,15.65,0.62,A,2401.33
949.0,1013.5,64.5,37.3,25.95,0.7,A,2501.99
965.5,1029.0,63.5,10.0,44.09,4.41,B,2624.1
983.0,,,13.31,,,tanpa pasangan,
992.5,,,24.37,,,tanpa pasangan,
1024.5,,,27.91,,,tanpa pasangan,
1039.5,,,9.87,,,tanpa pasangan,
