zona,tebal_m,VSH_LIN_PR1,VSH_CLA_PR1,VSH_STB_PR1,VSH_LIN_ZN,VSH_CLA_ZN,VSH_STB_ZN,VSH_LAR_ZN,VSH_SP
Nordland (caprock),352.806,0.607,0.421,0.359,0.721,0.564,0.506,0.491,0.391
Sand Wedge (L9),14.935,0.12,0.056,0.045,0.105,0.049,0.039,0.028,0.013
Mudstone 5-m (L9/L8),7.01,0.502,0.31,0.253,0.589,0.392,0.327,0.298,0.919
Utsira L8,34.081,0.101,0.046,0.037,0.08,0.037,0.029,0.02,0.017
Mudstone L8/L7,1.301,0.65,0.464,0.398,0.777,0.632,0.577,0.567,0.004
Utsira L7,24.91,0.12,0.056,0.045,0.105,0.05,0.04,0.028,0.076
Mudstone L7/L6,0.991,0.481,0.297,0.243,0.563,0.374,0.314,0.286,0.04
Utsira L6,5.608,0.134,0.063,0.05,0.122,0.057,0.046,0.032,0.078
Mudstone L6/L5,0.871,0.413,0.24,0.194,0.477,0.293,0.239,0.207,0.056
Utsira L5,12.032,0.097,0.044,0.035,0.075,0.034,0.027,0.018,0.008
Mudstone L5/L4,0.914,0.518,0.332,0.275,0.61,0.427,0.366,0.342,0.063
Utsira L4,42.036,0.089,0.04,0.032,0.066,0.03,0.024,0.016,0.073
Mudstone L4/L3,1.512,0.282,0.147,0.117,0.311,0.166,0.133,0.104,0.313
Utsira L3,30.724,0.072,0.032,0.025,0.044,0.019,0.015,0.01,0.126
Mudstone L3/L2,1.645,0.321,0.172,0.137,0.359,0.199,0.159,0.128,0.56
Utsira L2,29.855,0.121,0.056,0.045,0.107,0.05,0.04,0.028,0.302
Mudstone L2/L1,0.836,0.325,0.174,0.138,0.364,0.201,0.16,0.128,0.63
Utsira L1,1.508,0.297,0.157,0.125,0.329,0.179,0.143,0.113,0.905
Di bawah Utsira,93.726,0.433,0.261,0.213,0.501,0.325,0.271,0.243,1.0
