zona,top_m,base_m,tipe,tebal_m
Nordland (caprock),494.08,846.89,shale,352.81
Sand Wedge (L9),846.89,861.82,sand,14.94
Mudstone 5-m (L9/L8),861.82,868.83,shale,7.01
Utsira L8,868.83,902.91,sand,34.08
Mudstone L8/L7,902.91,904.21,shale,1.3
Utsira L7,904.21,929.13,sand,24.91
Mudstone L7/L6,929.13,930.12,shale,0.99
Utsira L6,930.12,935.72,sand,5.61
Mudstone L6/L5,935.72,936.59,shale,0.87
Utsira L5,936.59,948.63,sand,12.03
Mudstone L5/L4,948.63,949.54,shale,0.91
Utsira L4,949.54,991.58,sand,42.04
Mudstone L4/L3,991.58,993.09,shale,1.51
Utsira L3,993.09,1023.81,sand,30.72
Mudstone L3/L2,1023.81,1025.46,shale,1.64
Utsira L2,1025.46,1055.31,sand,29.85
Mudstone L2/L1,1055.31,1056.15,shale,0.84
Utsira L1,1056.15,1057.66,sand,1.51
Di bawah Utsira,1057.66,1151.38,shale,93.73
